{"file_hashes":[{"block_hashes":["UoEbmUGP3ODPLFMNbB9LR/byJTi5e1obFnoFYZGbdf8="],"block_size":4096,"path":"chrome/content/background.html"},{"block_hashes":["tBPAxAQE9V4Q9nwCUo2cA8dalG6vmA0KU9bokChSUwg="],"block_size":4096,"path":"chrome/content/blockJavascriptReferer.js"},{"block_hashes":["FtBtcj/r1+LGD8Wm4AbMe2fVPe7lJu3TDEVaAcVWeck=","/ZhVGcTcWlBKOyiX5bDbi1jqj+t/2596Y2b2/vEveBM=","GAEnID42WB6xEePAJ7Bg+97Pb5ipBdHXgYAoo6dRFBc=","fmLC9gVvXjFaV9wLfFCTB0yobbVQKvPNz8sf8U7ovh0=","LgHdILFxOGcz89emok2EfNXMJ0xz0qtIxJTKi7IfvW0=","d6DEQcNVZnEbIL7dmnXwQiw8huyngJ62BMKoBJf8qnM=","JxK72HJ5gPUqwHQ/VqKAnuj5CrLgn1WyVGhmQjueOAg=","lb8aQdw3+aQvd1iq1aQZFKKTUx8juhx91nWqIM/JQdQ=","KpbUCbu2rVoCDRPUcLVy0KtcrrAcZsEt36yfVboSUAk=","jiAYy2vnxSRfSfXfBCVj84dEuHQIR/wpzhBGvTn4A38=","FOUKAm6LPj9cHlK31PLAf0UeDKhMsV4d4tUiIaT+IaU=","wpKanNiuPiRjrg2rL9kmr85dAfkyRPxXRIJ9FUqaG8w=","z2rJBYeTWQrVKBWB/oIYillX2MmqA7DZcMA5hHKQB8k=","u1cVsdZG5DFtOMLYyB1/u3xVXBLalkf7zcOg0lm6lsg=","x3DmLDkiFFAf/XDlOcP8X80e2hNkFKkTvEmmaubmMaY=","c9m2sF4LIjmaCthlU7LEzFNKd2i/TcxcSxb7YrAgbMY=","IcAS/27niZGKRdHmXd24H4IgSnwgS+xMDNa9Otgdyhg=","04M3wygwkGlF2yjqTpzQPzfbjKKxaUzUulq0IMfDlbg=","X756CaFOd/+CnrEL+JuiX5XZzdeQjQOOp76U4Xz/3WQ=","kpukKNsBy1baPHBWPsxdqIm8zU2vWHxxZrxhalaqgYo=","U7VSUE1szbYMFkEv1js71XfHr2mT+34Jfr1jRW3/tUM=","38KpVqGz+ylQqT2Zn7PqyrXjCZCw2LdaUoWCWh9+l0Q=","7bU+dbJfv6qslrqD+tY8mH6fjRt6AbQ+KhX1u94b2fs="],"block_size":4096,"path":"chrome/content/jquery-1.7.1.min.js"},{"block_hashes":["SAWrwNrXo3DzTk1a4ua9h/2P9C95Kf68BHdgHquDSyY="],"block_size":4096,"path":"chrome/content/jquery.appear-1.1.1.min.js"},{"block_hashes":["6hfBuWAgzBvUB8KrIxyCAjyOPvFJjb3Hhej57uEUBoI=","X8pfKVQSNfejL6UMtz0gmkM+/Rt65JSMDbRMlNDEKnM="],"block_size":4096,"path":"chrome/content/options.css"},{"block_hashes":["B+6C7LOjiwrIIHxUlmqelY41FwHCdCwMWqDwDF0sTrQ=","m0YFKUKtfI4xugZWs/CoTyt2wtCf9incg9MV4mWm7AM=","u9JpGluMbkSQ+lHZMQBrSYI2F3cpedlBnR0Utc8b368="],"block_size":4096,"path":"chrome/content/options.html"},{"block_hashes":["Efp1WPzZ/hs0toMEVCl9tj45utuwgD6Bee90CK83CGs=","Uoi6HRViScVd35kD/X8mnG0iQwHkhxEoVarUZ3kXqmI=","R5SxI1zMbCOAUlYN1h26XyKNtX77Cft8/+IL3J0pTWE=","YcdgkQgd6KKkgJR6cUw2QPlsTK4OW2MDzVLmi1PzPMY=","KN9VmVZoGfVQ+y2ETTUPWOYwhBfqAHy+iYYzOF58Jrs="],"block_size":4096,"path":"chrome/content/options.js"},{"block_hashes":["ReV3XcF9TnvDGtd3K95UWzIMjHIFggD4/X24T9887tk=","TwcRdGFCJ4Gd+3GF1E/eUCxdHntiJ06U9JA51/MZJQA=","KWnIyTjMxbygiTgCZQDSy/jV8XYBwaOi9n9YqCZ23do=","47LZ0LzuRMRvWrHSey5sklG2jwZK7M5MWLGd0CBxNN0="],"block_size":4096,"path":"chrome/content/refererControl.js"},{"block_hashes":["H6PGxgPqr4MZIgqYOHvx3k6YVr+Ns+eUwlOGt4dzb3s="],"block_size":4096,"path":"chrome/content/skin/delete.png"},{"block_hashes":["1OiSQgnvHkk5D8Pbyaybedd73vrCeeLevMSxooUDLQE=","pduhqDppuWizgD/lxmczrvpBJhkENBHt5BERM7UUPbE=","AWs4LteZqX9t8zIjndWow0e5r9pyqQaG7pbHj0NOiK4=","cv9coCDfnNKdtZFm08kghgu5CDO4SwDN3JvgfULbL40=","Q+93ZM0jXidXGkvxpkfU+4uXAdL0/SZ2PCv15pl0IJs=","BakIqUyRjneOVpY9nMl1Ty/qX38IqAXYF3HdMjIgKrQ=","NXjdzKF/uaLqqCJHMIdnVx6OHaatNcRI/n08ouzS7XQ=","YZodK6xXByGUAg202OnUQ8LbZmAlWZefLu2V7FTjoms="],"block_size":4096,"path":"chrome/content/skin/logo.png"}],"version":2}